City_ID,City,Country,Date,Lat,Lng,Max Temp,Humidity,Cloudiness,Wind Speed
0,Devrek,TR,2021-10-02 00:22:05,41.2192,31.9558,48.96,91,8,3.36
1,Saint-Augustin,CA,2021-10-02 00:22:05,51.226,-58.6502,44.19,84,100,24.07
2,Mataura,NZ,2021-10-02 00:19:36,-46.1927,168.8643,57.47,60,100,5.91
3,Volksrust,ZA,2021-10-02 00:22:06,-27.3654,29.8818,55.65,83,84,9.37
4,Kamyshlov,RU,2021-10-02 00:22:06,56.8428,62.7111,32.97,75,79,4.68
5,Rzhaksa,RU,2021-10-02 00:22:07,52.1338,42.0264,42.53,84,47,3.8
6,Rawson,AR,2021-10-02 00:19:51,-43.3002,-65.1023,53.69,52,100,24.38
7,Cayenne,GF,2021-10-02 00:22:08,4.9333,-52.3333,83.08,79,17,1.99
8,Carnarvon,AU,2021-10-02 00:19:31,-24.8667,113.6333,68.07,49,16,12.66
9,Bredasdorp,ZA,2021-10-02 00:19:38,-34.5322,20.0403,46.27,85,81,8.63
10,Muisne,EC,2021-10-02 00:22:09,0.6,-80.0333,74.35,85,82,5.44
11,Ushuaia,AR,2021-10-02 00:19:44,-54.8,-68.3,37.06,81,40,20.71
12,Upernavik,GL,2021-10-02 00:20:25,72.7868,-56.1549,31.42,98,100,9.78
13,Namatanai,PG,2021-10-02 00:20:32,-3.6667,152.4333,85.08,65,97,3.0
14,Isangel,VU,2021-10-02 00:22:10,-19.55,169.2667,77.11,88,90,9.22
15,Qaanaaq,GL,2021-10-02 00:22:11,77.484,-69.3632,28.09,93,100,5.03
16,Fairbanks,US,2021-10-02 00:20:02,64.8378,-147.7164,32.22,93,90,5.75
17,Albany,US,2021-10-02 00:19:52,42.6001,-73.9662,53.92,80,10,5.73
18,Chapais,CA,2021-10-02 00:22:12,49.7834,-74.8492,42.58,69,28,6.46
19,San Cristobal,VE,2021-10-02 00:20:43,7.7669,-72.225,75.38,92,18,2.55
20,Nurota,UZ,2021-10-02 00:22:12,40.5614,65.6886,48.29,45,46,14.29
21,Mazara Del Vallo,IT,2021-10-02 00:22:13,37.6641,12.588,71.55,92,47,15.19
22,Kavaratti,IN,2021-10-02 00:22:13,10.5669,72.642,77.86,83,99,3.22
23,Punta Arenas,CL,2021-10-02 00:19:40,-53.15,-70.9167,37.51,75,0,14.97
24,Vaini,TO,2021-10-02 00:19:42,-21.2,-175.2,77.16,88,75,13.8
25,Gijon,ES,2021-10-02 00:22:15,43.5357,-5.6615,63.86,92,99,2.71
26,Fowa,NG,2021-10-02 00:22:15,8.9167,6.4,73.06,96,96,4.29
27,Hasaki,JP,2021-10-02 00:19:52,35.7333,140.8333,75.6,66,0,6.55
28,Kodiak,US,2021-10-02 00:19:53,57.79,-152.4072,44.11,53,1,17.27
29,Vestmannaeyjar,IS,2021-10-02 00:22:16,63.4427,-20.2734,46.06,83,68,23.44
30,Rikitea,PF,2021-10-02 00:19:34,-23.1203,-134.9692,72.93,73,15,21.25
31,Biloxi,US,2021-10-02 00:20:35,30.396,-88.8853,80.65,81,1,5.75
32,Provideniya,RU,2021-10-02 00:22:17,64.3833,-173.3,29.39,71,74,4.83
33,Sao Filipe,CV,2021-10-02 00:19:37,14.8961,-24.4956,78.64,79,34,7.29
34,Ajdabiya,LY,2021-10-02 00:22:18,30.7554,20.2263,69.93,60,0,11.74
35,Hamilton,US,2021-10-02 00:18:26,39.1834,-84.5333,69.1,65,1,0.0
36,Hobart,AU,2021-10-02 00:20:36,-42.8794,147.3294,60.26,96,75,1.99
37,Iwaki,JP,2021-10-02 00:22:19,37.05,140.8833,76.01,64,23,10.0
38,La Ronge,CA,2021-10-02 00:22:19,55.1001,-105.2842,61.05,48,40,6.91
39,Sitka,US,2021-10-02 00:19:49,57.0531,-135.33,49.89,76,90,20.71
40,Pevek,RU,2021-10-02 00:21:11,69.7008,170.3133,21.25,80,60,8.32
41,Leshan,CN,2021-10-02 00:22:20,29.5623,103.7639,75.43,88,97,0.89
42,Luderitz,NA,2021-10-02 00:22:21,-26.6481,15.1594,57.97,82,27,17.13
43,Cherskiy,RU,2021-10-02 00:19:35,68.75,161.3,19.51,75,60,8.34
44,Vanimo,PG,2021-10-02 00:22:22,-2.6741,141.3028,75.27,97,100,4.23
45,Sur,OM,2021-10-02 00:22:22,22.5667,59.5289,84.54,72,100,5.14
46,Butaritari,KI,2021-10-02 00:19:41,3.0707,172.7902,82.2,77,93,16.58
47,Matara,LK,2021-10-02 00:22:23,5.9485,80.5353,75.45,89,100,5.55
48,Tasiilaq,GL,2021-10-02 00:20:07,65.6145,-37.6368,35.76,53,28,5.64
49,Cape Town,ZA,2021-10-02 00:17:50,-33.9258,18.4232,56.08,69,20,2.3
50,Georgetown,MY,2021-10-02 00:20:38,5.4112,100.3354,82.33,84,20,4.61
51,Iqaluit,CA,2021-10-02 00:20:12,63.7506,-68.5145,31.73,80,20,2.3
52,Airai,TL,2021-10-02 00:20:42,-8.9266,125.4092,74.44,42,74,1.16
53,Saint-Philippe,RE,2021-10-02 00:22:26,-21.3585,55.7679,69.35,75,48,11.61
54,Hilo,US,2021-10-02 00:16:49,19.7297,-155.09,86.29,69,1,9.22
55,Te Anau,NZ,2021-10-02 00:22:27,-45.4167,167.7167,55.9,61,99,3.62
56,Faya,SA,2021-10-02 00:22:27,18.3851,42.4509,62.71,55,85,2.64
57,Coihaique,CL,2021-10-02 00:22:28,-45.5752,-72.0662,37.35,93,90,3.44
58,Thompson,CA,2021-10-02 00:20:02,55.7435,-97.8558,60.96,51,75,2.3
59,Destin,US,2021-10-02 00:19:21,30.3935,-86.4958,81.97,76,1,6.91
60,Puerto Ayora,EC,2021-10-02 00:20:21,-0.7393,-90.3518,69.37,89,100,8.7
61,Puerto Colombia,CO,2021-10-02 00:22:29,10.9878,-74.9547,82.49,77,100,13.13
62,Bluff,NZ,2021-10-02 00:19:31,-46.6,168.3333,57.79,74,100,14.7
63,Victoria,HK,2021-10-02 00:19:52,22.2855,114.1577,85.96,82,48,1.01
64,Nome,US,2021-10-02 00:19:46,64.5011,-165.4064,35.67,56,75,19.57
65,Norman Wells,CA,2021-10-02 00:22:31,65.282,-126.8329,51.84,54,75,13.8
66,Ketchikan,US,2021-10-02 00:22:31,55.3422,-131.6461,50.47,93,90,24.16
67,Landshut,DE,2021-10-02 00:22:32,48.5333,12.15,53.8,94,50,4.09
68,Longyearbyen,SJ,2021-10-02 00:21:18,78.2186,15.6401,39.04,75,75,16.11
69,Gwadar,PK,2021-10-02 00:22:33,25.1216,62.3254,81.97,78,100,32.19
70,Beinamar,TD,2021-10-02 00:22:34,8.6698,15.3813,72.82,88,80,4.14
71,Atuona,PF,2021-10-02 00:15:17,-9.8,-139.0333,78.22,71,46,20.07
72,Barrow,US,2021-10-02 00:19:59,71.2906,-156.7887,32.02,80,90,23.02
73,Platteville,US,2021-10-02 00:22:35,42.7342,-90.4785,77.61,60,1,6.91
74,Banjar,ID,2021-10-02 00:22:36,-8.19,114.9675,80.46,73,100,5.68
75,Selma,US,2021-10-02 00:22:36,36.5708,-119.6121,91.45,21,1,0.0
76,New Norfolk,AU,2021-10-02 00:19:50,-42.7826,147.0587,59.9,70,100,3.0
77,Ostrovnoy,RU,2021-10-02 00:20:47,68.0531,39.5131,39.38,83,72,11.74
78,Tahta,EG,2021-10-02 00:22:38,26.7693,31.5021,77.32,49,0,12.59
79,Amapa,BR,2021-10-02 00:22:39,1.0,-52.0,77.77,70,65,3.51
80,Mchinji,MW,2021-10-02 00:22:39,-13.7984,32.8802,67.26,64,1,5.79
81,Burns Lake,CA,2021-10-02 00:22:40,54.2331,-125.7533,44.02,64,100,8.55
82,Castro,BR,2021-10-02 00:20:10,-24.7911,-50.0119,56.71,93,100,2.48
83,Yellowknife,CA,2021-10-02 00:20:34,62.456,-114.3525,47.41,86,20,1.01
84,Kulhudhuffushi,MV,2021-10-02 00:22:41,6.6221,73.07,79.97,80,100,15.46
85,Yamada,JP,2021-10-02 00:22:42,39.4667,141.95,62.98,86,86,11.01
86,Arraial Do Cabo,BR,2021-10-02 00:22:42,-22.9661,-42.0278,70.59,92,70,17.69
87,Pangkalanbuun,ID,2021-10-02 00:22:43,-2.6833,111.6167,72.41,98,100,2.64
88,Chicama,PE,2021-10-02 00:22:43,-7.8447,-79.1469,59.54,80,44,6.11
89,Mayo,US,2021-10-02 00:20:17,38.8876,-76.5119,64.42,85,1,0.0
90,Busselton,AU,2021-10-02 00:19:49,-33.65,115.3333,56.05,77,30,14.34
91,Nioro,GM,2021-10-02 00:22:46,13.35,-15.75,79.07,87,65,5.28
92,Riyadh,SA,2021-10-02 00:20:22,24.6877,46.7219,77.14,16,50,4.52
93,Borisoglebskiy,RU,2021-10-02 00:22:46,57.2586,39.1508,40.64,92,25,3.89
94,Severo-Kurilsk,RU,2021-10-02 00:22:47,50.6789,156.125,51.46,96,100,11.83
95,Kysyl-Syr,RU,2021-10-02 00:22:48,63.8986,122.7617,32.68,66,26,5.7
96,Ilulissat,GL,2021-10-02 00:20:04,69.2167,-51.1,28.42,86,40,6.91
97,Mar Del Plata,AR,2021-10-02 00:16:25,-38.0023,-57.5575,53.87,57,0,1.01
98,Paamiut,GL,2021-10-02 00:20:55,61.994,-49.6678,39.69,66,80,9.98
99,Hermanus,ZA,2021-10-02 00:19:56,-34.4187,19.2345,54.9,78,66,10.69
100,Saskylakh,RU,2021-10-02 00:19:30,71.9167,114.0833,16.25,97,91,3.67
101,Daru,PG,2021-10-02 00:21:50,-9.0763,143.2092,83.05,72,84,5.95
102,Tuatapere,NZ,2021-10-02 00:22:50,-46.1333,167.6833,58.82,64,100,4.65
103,East London,ZA,2021-10-02 00:22:50,-33.0153,27.9116,62.24,84,99,12.1
104,Bandar-E Lengeh,IR,2021-10-02 00:22:51,26.5579,54.8807,84.31,94,67,4.61
105,Kapaa,US,2021-10-02 00:19:21,22.0752,-159.319,85.98,67,40,3.0
106,Tiksi,RU,2021-10-02 00:20:29,71.6872,128.8694,28.51,84,88,5.17
107,Faanui,PF,2021-10-02 00:22:52,-16.4833,-151.75,79.23,74,39,17.63
108,Kieta,PG,2021-10-02 00:22:53,-6.2167,155.6333,84.61,62,99,2.91
109,Saint-Paul,RE,2021-10-02 00:22:53,-21.0096,55.2707,69.89,71,30,5.86
110,Torbay,CA,2021-10-02 00:22:54,47.6666,-52.7314,55.89,99,90,12.66
111,Homnabad,IN,2021-10-02 00:22:54,17.7667,77.1333,72.09,92,15,4.92
112,Port Elizabeth,ZA,2021-10-02 00:21:13,-33.918,25.5701,57.09,89,31,11.68
113,Quatre Cocos,MU,2021-10-02 00:22:55,-20.2078,57.7625,72.09,72,90,13.0
114,Souillac,MU,2021-10-02 00:20:45,-20.5167,57.5167,72.36,78,75,6.91
115,Haines Junction,CA,2021-10-02 00:22:56,60.7522,-137.5108,39.15,87,100,3.44
116,Fortuna,US,2021-10-02 00:22:56,40.5982,-124.1573,79.2,68,1,1.99
117,Lavrentiya,RU,2021-10-02 00:22:57,65.5833,-171.0,29.55,71,47,15.46
118,Okhotsk,RU,2021-10-02 00:19:52,59.3833,143.3,36.01,89,46,0.85
119,Kahului,US,2021-10-02 00:22:58,20.8947,-156.47,89.62,56,20,25.32
120,Leh,IN,2021-10-02 00:22:58,34.1667,77.5833,51.66,63,3,5.5
121,Labuhan,ID,2021-10-02 00:19:32,-6.8844,112.2051,79.03,72,98,9.08
122,Chifeng,CN,2021-10-02 00:22:59,42.2683,118.9636,52.99,59,48,4.34
123,Mareeba,AU,2021-10-02 00:22:59,-17.0,145.4333,92.32,50,57,4.72
124,Pisco,PE,2021-10-02 00:23:00,-13.7,-76.2167,63.01,77,0,16.11
125,Cabinda,AO,2021-10-02 00:23:00,-5.55,12.2,75.87,85,98,6.8
126,Kaitangata,NZ,2021-10-02 00:20:40,-46.2817,169.8464,53.08,65,97,7.11
127,Nyurba,RU,2021-10-02 00:23:01,63.2842,118.3319,29.19,62,50,2.66
128,Bonavista,CA,2021-10-02 00:19:45,48.6499,-53.1147,56.12,98,100,13.13
129,Avarua,CK,2021-10-02 00:20:43,-21.2078,-159.775,78.85,78,100,4.61
130,Saldanha,ZA,2021-10-02 00:19:41,-33.0117,17.9442,51.85,78,4,11.72
131,Port Alfred,ZA,2021-10-02 00:19:56,-33.5906,26.891,60.33,86,51,12.33
132,Martapura,ID,2021-10-02 00:23:02,-3.4167,114.85,77.09,94,75,6.91
133,Colac,AU,2021-10-02 00:23:03,-38.3333,143.5833,59.16,91,94,6.4
134,Chokurdakh,RU,2021-10-02 00:23:03,70.6333,147.9167,11.07,90,30,2.01
135,Narsaq,GL,2021-10-02 00:23:04,60.9167,-46.05,35.82,48,3,2.86
136,Gornopravdinsk,RU,2021-10-02 00:23:04,60.05,69.9,31.82,96,97,7.65
137,Ahuimanu,US,2021-10-02 00:23:05,21.4447,-157.8378,87.51,63,20,12.66
138,Lebu,CL,2021-10-02 00:23:05,-37.6167,-73.65,47.07,89,100,16.28
139,Katangli,RU,2021-10-02 00:19:42,51.7102,143.2326,54.77,54,2,6.04
140,Campo Verde,BR,2021-10-02 00:23:06,-20.4167,-54.0667,72.61,47,75,2.53
141,Hithadhoo,MV,2021-10-02 00:19:33,-0.6,73.0833,82.0,72,77,7.4
142,Bethel,US,2021-10-02 00:18:09,41.3712,-73.414,58.5,84,1,3.44
143,Jamestown,US,2021-10-02 00:18:08,42.097,-79.2353,55.33,81,1,1.99
144,Leningradskiy,RU,2021-10-02 00:23:08,69.3833,178.4167,17.55,87,71,4.7
145,Kruisfontein,ZA,2021-10-02 00:23:08,-34.0033,24.7314,54.88,92,85,15.23
146,Gunjur,GM,2021-10-02 00:23:08,13.2019,-16.7339,78.87,94,75,0.0
147,Kirovskiy,RU,2021-10-02 00:23:09,45.0917,133.5136,52.74,59,5,1.79
148,Marawi,PH,2021-10-02 00:23:09,7.9986,124.2928,71.65,81,63,1.05
149,Gawler,AU,2021-10-02 00:23:10,-34.6,138.7333,61.25,75,15,8.99
150,Kyra,RU,2021-10-02 00:23:10,49.5776,111.9753,34.88,61,89,2.73
151,Beyneu,KZ,2021-10-02 00:23:11,45.3167,55.2,47.25,38,0,7.29
152,Andenes,NO,2021-10-02 00:23:12,69.3143,16.1194,51.08,66,90,12.66
153,Khatanga,RU,2021-10-02 00:23:13,71.9667,102.5,27.16,94,100,2.17
154,Dikson,RU,2021-10-02 00:19:40,73.5069,80.5464,31.48,80,100,17.78
155,Ribeira Grande,PT,2021-10-02 00:20:18,38.5167,-28.7,71.67,88,33,8.57
156,Imbituba,BR,2021-10-02 00:22:15,-28.24,-48.6703,73.29,93,100,4.05
157,Bilibino,RU,2021-10-02 00:21:01,68.0546,166.4372,10.33,88,28,3.6
158,Port Blair,IN,2021-10-02 00:18:42,11.6667,92.75,80.96,81,88,8.52
159,Pimentel,PE,2021-10-02 00:23:15,-6.8367,-79.9342,63.32,90,33,15.88
160,Bathsheba,BB,2021-10-02 00:21:08,13.2167,-59.5167,81.21,74,75,24.16
161,Acapulco,MX,2021-10-02 00:14:55,16.8634,-99.8901,85.82,74,40,0.0
162,Cardston,CA,2021-10-02 00:18:47,49.2,-113.3019,62.89,25,35,1.14
163,Saint Anthony,US,2021-10-02 00:23:16,45.0205,-93.218,75.92,73,20,4.61
164,Tutoia,BR,2021-10-02 00:23:17,-2.7619,-42.2744,79.29,83,29,10.6
165,Miri,MY,2021-10-02 00:23:17,4.4148,114.0089,75.34,100,40,8.05
166,Sorong,ID,2021-10-02 00:23:18,-0.8833,131.25,79.0,86,100,7.76
167,Graciano Sanchez,MX,2021-10-02 00:23:19,23.9167,-99.2833,77.95,85,82,5.46
168,Coxim,BR,2021-10-02 00:23:19,-18.5067,-54.76,84.81,47,27,2.51
169,Matay,EG,2021-10-02 00:23:20,28.419,30.7792,70.57,68,0,13.76
170,Port Hardy,CA,2021-10-02 00:23:20,50.6996,-127.4199,53.78,87,90,8.05
171,Mazagao,BR,2021-10-02 00:23:21,-0.115,-51.2894,87.85,78,39,7.43
172,Panguna,PG,2021-10-02 00:23:21,-6.3164,155.4848,82.63,54,100,1.14
173,Magadan,RU,2021-10-02 00:23:21,59.5667,150.8,39.56,94,94,2.46
174,Dilla,ET,2021-10-02 00:23:22,6.41,38.31,62.67,98,100,2.26
175,Ponta Do Sol,PT,2021-10-02 00:20:17,32.6667,-17.1,72.23,74,2,6.04
176,Kupang,ID,2021-10-02 00:18:33,-10.1667,123.5833,83.14,65,98,2.8
177,Murud,IN,2021-10-02 00:23:23,18.3258,72.965,77.76,91,100,3.2
178,Belle Fourche,US,2021-10-02 00:23:24,44.6714,-103.8522,70.45,29,48,6.98
179,Kirakira,SB,2021-10-02 00:23:25,-10.4544,161.9205,84.81,67,99,4.47
180,Ahipara,NZ,2021-10-02 00:20:51,-35.1667,173.1667,61.38,53,1,3.94
181,Genhe,CN,2021-10-02 00:23:25,50.7833,121.5167,33.73,82,90,0.47
182,Mount Pleasant,US,2021-10-02 00:23:22,32.7941,-79.8626,77.0,81,1,3.0
183,Ancud,CL,2021-10-02 00:23:26,-41.8697,-73.8203,44.13,81,100,16.8
184,Saint-Pierre,RE,2021-10-02 00:20:33,-21.3393,55.4781,69.44,69,0,4.61
185,La Orilla,MX,2021-10-02 00:23:27,17.9833,-102.2333,82.17,79,85,2.77
186,Clyde River,CA,2021-10-02 00:21:12,70.4692,-68.5914,33.08,82,79,5.28
187,Yulara,AU,2021-10-02 00:21:14,-25.2406,130.9889,87.64,8,1,24.16
188,Tessalit,ML,2021-10-02 00:23:28,20.1986,1.0114,86.29,12,53,9.64
189,Oktyabrskiy,RU,2021-10-02 00:23:28,54.4815,53.471,47.16,82,100,6.06
190,Salalah,OM,2021-10-02 00:20:26,17.0151,54.0924,80.69,89,75,5.75
191,Roebourne,AU,2021-10-02 00:23:29,-20.7833,117.1333,71.24,51,56,21.14
192,Nanortalik,GL,2021-10-02 00:20:34,60.1432,-45.2371,39.06,52,1,4.68
193,Iquique,CL,2021-10-02 00:21:04,-20.2208,-70.1431,60.84,76,51,2.37
194,Cabo San Lucas,MX,2021-10-02 00:19:54,22.8909,-109.9124,88.9,67,20,1.99
195,Mahebourg,MU,2021-10-02 00:23:30,-20.4081,57.7,72.25,78,75,6.91
196,Yumen,CN,2021-10-02 00:20:56,40.2833,97.2,50.13,55,75,18.05
197,Ratnapura,LK,2021-10-02 00:23:31,6.6828,80.3992,73.18,94,100,1.3
198,Bjornevatn,NO,2021-10-02 00:23:31,69.6672,29.9847,43.14,81,90,9.22
199,Kavieng,PG,2021-10-02 00:20:13,-2.5744,150.7967,84.25,64,100,3.74
200,Amazar,RU,2021-10-02 00:23:32,53.858,120.875,35.08,63,24,1.52
201,Garissa,KE,2021-10-02 00:23:33,-0.4536,39.6401,73.81,72,74,15.12
202,Rorvik,NO,2021-10-02 00:23:33,64.8621,11.2373,56.64,72,100,25.57
203,Rio Gallegos,AR,2021-10-02 00:20:53,-51.6226,-69.2181,39.25,41,0,14.97
204,Chuy,UY,2021-10-02 00:20:55,-33.6971,-53.4616,52.23,87,1,6.53
205,Murchison,NZ,2021-10-02 00:23:34,-41.8,172.3333,60.49,50,97,3.69
206,Komsomolskiy,UZ,2021-10-02 00:21:05,40.4272,71.7189,57.92,35,90,4.61
207,Richmond,US,2021-10-02 00:21:16,37.5538,-77.4603,63.66,87,20,0.0
208,Istok,XK,2021-10-02 00:23:35,42.7808,20.4875,46.17,76,16,2.77
209,Vangaindrano,MG,2021-10-02 00:23:36,-23.35,47.6,66.22,93,4,5.73
210,Madimba,TZ,2021-10-02 00:23:36,-10.4,40.3333,72.28,86,2,5.08
211,Tromso,NO,2021-10-02 00:23:37,69.6496,18.957,52.45,62,40,9.22
212,Beloha,MG,2021-10-02 00:23:37,-25.1667,45.05,71.35,61,0,1.88
213,Rio Grande,BR,2021-10-02 00:23:38,-32.035,-52.0986,56.95,85,31,13.18
214,Xuddur,SO,2021-10-02 00:23:38,4.1213,43.8894,71.11,82,97,12.21
215,San Patricio,US,2021-10-02 00:20:27,28.017,-97.5169,80.47,75,96,12.21
216,Mojo,ET,2021-10-02 00:23:39,8.6,39.1167,60.53,82,89,3.56
217,Sengiley,RU,2021-10-02 00:23:40,53.9622,48.7944,46.47,87,96,7.18
218,Hualmay,PE,2021-10-02 00:23:40,-11.0964,-77.6139,63.12,81,28,10.83
219,Tricase,IT,2021-10-02 00:23:40,39.9304,18.3553,60.15,64,0,8.52
220,Aklavik,CA,2021-10-02 00:23:41,68.2191,-135.0107,36.43,99,99,3.69
221,La Ciotat,FR,2021-10-02 00:23:41,43.1748,5.6045,67.8,72,100,3.83
222,Melito Di Porto Salvo,IT,2021-10-02 00:23:42,37.9222,15.7714,73.96,60,20,5.75
223,Pajarito,CO,2021-10-02 00:23:42,5.2929,-72.7028,68.83,93,100,3.22
224,Gubkinskiy,RU,2021-10-02 00:23:43,64.434,76.5026,29.37,96,100,19.77
225,Nautla,MX,2021-10-02 00:23:43,20.2167,-96.7833,82.9,81,99,13.13
226,Worland,US,2021-10-02 00:23:44,44.0169,-107.9554,72.88,23,1,3.44
227,Takoradi,GH,2021-10-02 00:23:45,4.8845,-1.7554,76.03,90,94,3.98
228,Berlevag,NO,2021-10-02 00:20:19,70.8578,29.0864,46.63,83,39,24.25
229,Gornyy,RU,2021-10-02 00:23:45,55.1153,83.9059,35.8,97,100,10.45
230,Saint George,US,2021-10-02 00:16:38,37.1041,-113.5841,84.67,16,1,1.99
231,Waling,NP,2021-10-02 00:23:46,27.9833,83.7667,68.43,99,91,1.95
232,San Joaquin,US,2021-10-02 00:23:46,37.9333,-121.3011,91.54,19,1,4.61
233,Awbari,LY,2021-10-02 00:23:47,26.5921,12.7805,71.78,37,46,5.79
234,Freetown,SL,2021-10-02 00:23:47,8.484,-13.2299,78.33,87,100,7.4
235,Takanabe,JP,2021-10-02 00:23:48,32.1333,131.5,75.09,57,0,1.72
236,Roma,US,2021-10-02 00:23:48,43.2128,-75.4557,53.73,87,1,0.0
237,Sioux City,US,2021-10-02 00:20:13,42.5,-96.4003,70.59,73,20,1.01
238,Chibombo,ZM,2021-10-02 00:23:49,-14.6569,28.0706,69.31,50,0,7.16
239,Maragogi,BR,2021-10-02 00:19:39,-9.0122,-35.2225,75.74,88,18,7.83
240,Pincher Creek,CA,2021-10-02 00:23:50,49.4833,-113.952,62.71,24,1,13.8
241,Derzhavinsk,KZ,2021-10-02 00:23:50,51.1,66.3167,36.59,79,63,6.31
242,Concarneau,FR,2021-10-02 00:23:51,47.875,-3.9225,59.05,83,69,6.73
243,Artigas,UY,2021-10-02 00:23:26,-30.4,-56.4667,60.44,90,4,8.48
244,Puerto Escondido,MX,2021-10-02 00:23:52,15.85,-97.0667,86.83,62,90,9.22
245,Ondjiva,AO,2021-10-02 00:23:52,-17.0667,15.7333,63.5,21,1,7.85
246,Rabo De Peixe,PT,2021-10-02 00:23:53,37.8,-25.5833,69.31,90,20,3.44
247,Kolokani,ML,2021-10-02 00:23:53,13.5728,-8.0339,77.61,64,10,7.23
248,Kayerkan,RU,2021-10-02 00:23:53,69.3497,87.7602,24.73,96,91,5.91
249,Pokosnoye,RU,2021-10-02 00:23:54,55.5258,101.0536,34.61,96,100,10.33
250,Zimovniki,RU,2021-10-02 00:23:55,47.1483,42.4633,43.09,57,1,9.69
251,Keti Bandar,PK,2021-10-02 00:23:55,24.1447,67.4497,81.01,85,69,13.73
252,Omsukchan,RU,2021-10-02 00:23:56,62.5333,155.8,30.9,90,100,8.19
253,Berdigestyakh,RU,2021-10-02 00:23:56,62.0989,126.6992,30.9,62,100,5.1
254,Woodward,US,2021-10-02 00:23:57,36.4337,-99.3904,70.97,65,90,18.41
255,Turukhansk,RU,2021-10-02 00:23:57,65.8167,87.9833,31.82,99,100,2.06
256,Syracuse,IT,2021-10-02 00:23:58,37.0881,15.2792,72.32,69,100,4.43
257,Jumla,NP,2021-10-02 00:23:58,29.2747,82.1838,56.43,89,68,3.13
258,Pacific Grove,US,2021-10-02 00:23:59,36.6177,-121.9166,90.16,74,1,8.01
259,Strezhevoy,RU,2021-10-02 00:23:59,60.7333,77.5889,31.98,95,100,9.17
260,Antigonish,CA,2021-10-02 00:24:00,45.6169,-61.9986,53.42,89,48,2.66
261,Temirtau,KZ,2021-10-02 00:24:00,50.0544,72.9483,34.05,80,98,12.39
262,Mount Isa,AU,2021-10-02 00:24:01,-20.7333,139.5,83.97,14,16,5.75
263,Necochea,AR,2021-10-02 00:24:01,-38.5473,-58.7368,47.03,78,38,8.16
264,Constantine,DZ,2021-10-02 00:24:02,36.365,6.6147,65.61,94,75,4.61
265,Erzincan,TR,2021-10-02 00:24:02,39.75,39.5,42.1,93,0,2.3
266,Gizel,RU,2021-10-02 00:24:03,43.04,44.5708,43.02,100,49,2.24
267,Gat,IL,2021-10-02 00:24:03,31.61,34.7642,74.08,100,4,4.43
268,Navoi,UZ,2021-10-02 00:24:04,40.0844,65.3792,49.48,43,57,23.02
269,Ribeira Brava,PT,2021-10-02 00:24:04,32.65,-17.0667,72.23,75,2,6.91
270,Vestmanna,FO,2021-10-02 00:24:05,62.1564,-7.1664,47.32,100,90,5.75
271,Lahan,NP,2021-10-02 00:24:05,26.7296,86.4951,75.56,92,100,5.77
272,Darnah,LY,2021-10-02 00:24:06,32.767,22.6367,71.01,66,3,22.77
273,Cicevac,RS,2021-10-02 00:24:07,43.7188,21.4408,52.38,66,2,3.89
274,Hami,CN,2021-10-02 00:24:07,42.8,93.45,56.95,35,89,9.51
275,Poum,NC,2021-10-02 00:24:08,-20.2333,164.0167,73.74,89,100,25.7
276,Zhuhai,CN,2021-10-02 00:24:08,22.2769,113.5678,86.97,79,20,3.44
277,Sayyan,YE,2021-10-02 00:21:10,15.1718,44.3244,62.33,34,100,3.62
278,Rottingdean,GB,2021-10-02 00:24:09,50.8098,-0.0594,50.11,87,30,1.01
279,Atar,MR,2021-10-02 00:24:09,20.5169,-13.0499,88.59,38,64,3.4
280,Shemysheyka,RU,2021-10-02 00:24:10,52.892,45.3928,43.63,91,16,2.62
281,Sioux Lookout,CA,2021-10-02 00:24:10,50.1001,-91.917,62.67,94,90,3.44
282,Baykit,RU,2021-10-02 00:24:11,61.67,96.37,36.5,100,100,1.43
283,Melhus,NO,2021-10-02 00:20:11,63.2855,10.2781,62.26,64,100,12.64
284,Cidreira,BR,2021-10-02 00:17:42,-30.1811,-50.2056,65.08,89,100,9.91
285,Taksimo,RU,2021-10-02 00:24:12,56.3444,114.8794,31.68,65,60,1.16
286,Pauini,BR,2021-10-02 00:24:13,-7.7136,-66.9764,78.12,75,65,3.8
287,Biak,ID,2021-10-02 00:24:13,-0.9131,122.8766,79.43,78,97,4.76
288,Laguna,US,2021-10-02 00:20:27,38.421,-121.4238,92.1,20,1,1.99
289,Touros,BR,2021-10-02 00:17:26,-5.1989,-35.4608,77.9,84,9,13.44
290,Nhulunbuy,AU,2021-10-02 00:24:14,-12.2333,136.7667,88.41,48,40,8.05
291,Junction City,US,2021-10-02 00:24:03,39.0286,-96.8314,74.39,68,40,1.99
292,Mindelo,CV,2021-10-02 00:24:15,16.8901,-24.9804,78.35,73,20,14.97
293,Roald,NO,2021-10-02 00:24:15,62.5833,6.1333,56.12,62,20,11.5
294,Makat,KZ,2021-10-02 00:24:16,47.6469,53.3463,45.3,34,0,3.67
295,Byron Bay,AU,2021-10-02 00:22:17,-28.65,153.6167,79.05,43,2,4.74
296,Kommunisticheskiy,RU,2021-10-02 00:24:16,61.6789,64.4819,31.42,80,100,6.85
297,Portland,US,2021-10-02 00:21:27,45.5234,-122.6762,68.97,65,40,3.0
298,Caluquembe,AO,2021-10-02 00:24:17,-13.7833,14.6833,57.97,78,1,4.68
299,Erzin,TR,2021-10-02 00:24:18,36.9559,36.2,61.52,50,0,2.62
300,Marfino,RU,2021-10-02 00:24:18,55.7028,37.3822,40.28,94,75,0.0
301,Briceni,MD,2021-10-02 00:24:19,48.3572,27.7036,46.98,50,48,5.19
302,Batemans Bay,AU,2021-10-02 00:24:19,-35.7167,150.1833,68.2,56,65,5.55
303,Mirabela,BR,2021-10-02 00:24:20,-16.2628,-44.1644,80.85,39,33,2.46
304,Nikolskoye,RU,2021-10-02 00:24:21,59.7035,30.7861,49.39,95,79,4.9
305,Itoman,JP,2021-10-02 00:24:21,26.1247,127.6694,84.22,65,40,16.11
306,Maldonado,UY,2021-10-02 00:24:22,-34.6667,-54.9167,52.99,86,0,0.31
307,Deputatskiy,RU,2021-10-02 00:24:22,69.3,139.9,15.58,71,5,2.15
308,Jalu,LY,2021-10-02 00:24:23,29.0331,21.5482,71.74,52,0,9.4
309,Merauke,ID,2021-10-02 00:24:23,-8.4667,140.3333,82.76,71,88,6.46
310,Saurimo,AO,2021-10-02 00:24:24,-9.6608,20.3916,65.07,96,47,2.04
311,Taoudenni,ML,2021-10-02 00:24:24,22.6783,-3.9836,91.58,9,36,8.99
312,Westport,US,2021-10-02 00:24:25,41.1415,-73.3579,62.76,75,1,3.0
313,Morgan City,US,2021-10-02 00:24:25,29.6994,-91.2068,79.0,89,1,4.61
314,Sompeta,IN,2021-10-02 00:24:26,18.9333,84.6,80.02,86,20,5.79
315,Adrar,MR,2021-10-02 00:21:00,20.5022,-10.0711,89.85,25,23,7.0
316,Sinnamary,GF,2021-10-02 00:24:27,5.3833,-52.95,80.82,78,26,9.22
317,Zharkent,KZ,2021-10-02 00:24:27,44.1628,80.0,43.81,81,100,19.95
318,Najran,SA,2021-10-02 00:24:27,17.4924,44.1277,74.05,33,35,2.15
319,Lagos,NG,2021-10-02 00:24:04,6.5833,3.75,77.32,93,100,1.48
320,Skjervoy,NO,2021-10-02 00:24:28,70.0311,20.9714,50.14,74,18,19.6
321,North Branch,US,2021-10-02 00:24:29,45.5113,-92.9802,76.06,89,100,5.26
322,Albuquerque,US,2021-10-02 00:23:41,35.0845,-106.6511,64.2,59,75,1.99
323,Batagay-Alyta,RU,2021-10-02 00:24:29,67.8006,130.4114,24.71,63,5,2.95
324,Grand Gaube,MU,2021-10-02 00:24:30,-20.0064,57.6608,72.37,75,89,4.0
325,Walvis Bay,NA,2021-10-02 00:21:05,-22.9575,14.5053,54.09,87,0,2.3
326,Tuktoyaktuk,CA,2021-10-02 00:19:46,69.4541,-133.0374,35.6,87,90,14.97
327,Dongsheng,CN,2021-10-02 00:24:31,39.8161,109.9776,58.84,27,57,10.63
328,Superior,US,2021-10-02 00:21:56,46.7208,-92.1041,69.62,92,75,0.0
329,Sao Domingos,BR,2021-10-02 00:24:31,-13.3983,-46.3183,83.82,38,93,1.99
330,General Roca,AR,2021-10-02 00:24:32,-39.0333,-67.5833,66.6,19,98,10.8
331,Voh,NC,2021-10-02 00:24:32,-20.9667,164.7,78.21,67,100,5.93
332,Pangody,RU,2021-10-02 00:24:33,65.85,74.4859,30.27,82,94,18.72
333,Tecoanapa,MX,2021-10-02 00:24:33,16.5167,-98.75,82.18,77,64,3.98
334,Henties Bay,NA,2021-10-02 00:24:34,-22.116,14.2845,53.85,93,0,8.84
335,Mandera,KE,2021-10-02 00:24:34,3.9366,41.867,77.45,63,95,15.86
336,Sao Joao Da Barra,BR,2021-10-02 00:24:35,-21.6403,-41.0511,72.14,93,26,5.17
337,Kilindoni,TZ,2021-10-02 00:24:35,-7.9139,39.6668,76.14,77,5,12.62
338,Pyaozerskiy,RU,2021-10-02 00:24:36,65.8333,31.1667,43.75,85,94,8.19
339,Jiexiu,CN,2021-10-02 00:24:36,37.0244,111.9125,68.5,63,0,0.96
340,Oparino,RU,2021-10-02 00:24:37,59.8518,48.2783,43.18,93,100,4.92
341,Havoysund,NO,2021-10-02 00:24:37,70.9963,24.6622,47.28,81,46,24.09
342,Alyangula,AU,2021-10-02 00:24:38,-13.8483,136.4192,84.07,70,75,9.22
343,Aasiaat,GL,2021-10-02 00:24:38,68.7098,-52.8699,28.67,75,99,3.91
344,Novoagansk,RU,2021-10-02 00:24:39,61.9449,76.6625,30.34,96,100,11.88
345,Muskegon,US,2021-10-02 00:24:20,43.3,-86.1334,69.75,77,40,0.0
346,Broome,US,2021-10-02 00:24:40,42.2506,-75.833,55.78,72,1,3.44
347,Vostok,RU,2021-10-02 00:21:15,46.4856,135.8833,49.73,54,12,2.37
348,Santa Cruz Del Norte,CU,2021-10-02 00:24:40,23.1539,-81.9236,79.54,78,13,18.75
349,Sarangani,PH,2021-10-02 00:24:41,5.4033,125.4636,83.52,73,92,5.44
350,Kollam,IN,2021-10-02 00:24:42,8.8833,76.6,78.67,92,100,7.36
351,Sept-Iles,CA,2021-10-02 00:20:04,50.2001,-66.3821,50.52,91,90,5.01
352,Port Lincoln,AU,2021-10-02 00:24:42,-34.7333,135.8667,58.86,75,68,16.33
353,Flinders,AU,2021-10-02 00:24:43,-34.5833,150.8552,72.18,65,8,5.99
354,Edd,ER,2021-10-02 00:24:43,13.9297,41.6925,86.68,70,100,7.49
355,Mount Gambier,AU,2021-10-02 00:19:58,-37.8333,140.7667,56.25,79,100,3.36
356,Sale,MA,2021-10-02 00:24:44,34.0389,-6.8166,68.63,100,75,0.0
357,Hashtrud,IR,2021-10-02 00:24:45,37.4779,47.0508,46.45,84,15,6.55
358,Vanavara,RU,2021-10-02 00:24:45,60.34,102.2797,29.43,86,100,3.62
359,Grindavik,IS,2021-10-02 00:24:46,63.8424,-22.4338,43.27,93,75,24.16
360,Provost,CA,2021-10-02 00:24:46,52.3501,-110.2683,64.85,24,6,7.05
361,Nuuk,GL,2021-10-02 00:24:47,64.1835,-51.7216,36.21,48,40,13.8
362,Porto Velho,BR,2021-10-02 00:24:48,-8.7619,-63.9039,77.05,94,75,2.3
363,Yellapur,IN,2021-10-02 00:24:48,14.9667,74.7167,71.31,98,100,1.14
364,Priiskovyy,RU,2021-10-02 00:21:09,51.9333,116.6333,35.06,63,3,2.24
365,Eureka,US,2021-10-02 00:24:49,40.8021,-124.1637,75.67,77,18,5.99
366,Naantali,FI,2021-10-02 00:24:49,60.4674,22.0243,51.12,93,75,9.22
367,Yerbogachen,RU,2021-10-02 00:20:26,61.2767,108.0108,34.83,68,100,2.8
368,Vaitape,PF,2021-10-02 00:24:50,-16.5167,-151.75,79.21,74,40,17.69
369,Soto La Marina,MX,2021-10-02 00:24:50,23.7667,-98.2167,82.53,76,86,10.94
370,Nouadhibou,MR,2021-10-02 00:20:05,20.931,-17.0347,64.38,100,90,16.11
371,Lipin Bor,RU,2021-10-02 00:20:17,60.2622,37.9763,40.62,88,72,3.62
372,Bud,US,2021-10-02 00:24:51,39.447,-86.1758,71.44,75,1,6.15
373,Nambucca Heads,AU,2021-10-02 00:24:52,-30.65,153.0,78.17,47,5,2.1
374,Lorengau,PG,2021-10-02 00:24:52,-2.0226,147.2712,83.35,67,87,0.65
375,Petropavlovka,RU,2021-10-02 00:24:53,50.6114,105.3196,36.21,100,100,5.03
376,Alofi,NU,2021-10-02 00:15:18,-19.0595,-169.9187,77.02,72,87,21.0
377,Christchurch,NZ,2021-10-02 00:24:53,-43.5333,172.6333,63.32,71,99,4.0
378,Gilgit,PK,2021-10-02 00:24:41,35.9221,74.3087,70.65,66,6,3.78
379,North Myrtle Beach,US,2021-10-02 00:22:24,33.816,-78.68,75.99,68,1,1.01
380,Dingle,PH,2021-10-02 00:20:05,10.9995,122.6711,81.66,84,92,1.54
381,Carrickfergus,GB,2021-10-02 00:24:54,54.7158,-5.8058,48.54,86,95,1.01
382,Valparaiso,CL,2021-10-02 00:15:16,-33.0393,-71.6273,55.04,62,0,8.05
383,Bambous Virieux,MU,2021-10-02 00:21:02,-20.3428,57.7575,72.21,78,75,6.91
384,Atambua,ID,2021-10-02 00:24:55,-9.1061,124.8925,82.94,56,97,1.95
385,Kainan,JP,2021-10-02 00:24:56,34.15,135.2,75.24,61,0,9.22
386,Nerchinskiy Zavod,RU,2021-10-02 00:24:56,51.3088,119.61,33.1,76,32,2.08
387,Mountain Home,US,2021-10-02 00:24:57,43.133,-115.6912,71.08,16,75,5.75
388,Kloulklubed,PW,2021-10-02 00:24:57,7.0419,134.2556,77.5,85,100,15.08
389,Constitucion,CL,2021-10-02 00:24:58,-35.3333,-72.4167,51.26,89,73,5.06
390,Rayagada,IN,2021-10-02 00:24:58,19.1667,83.4167,73.87,98,37,1.19
391,Lata,PT,2021-10-02 00:24:59,40.1629,-8.3327,63.81,98,100,0.85
392,Stokmarknes,NO,2021-10-02 00:24:59,68.5646,14.9108,55.49,62,75,6.91
393,Arman,RU,2021-10-02 00:25:00,59.7,150.1667,40.95,94,97,4.12
394,Santona,ES,2021-10-02 00:25:00,43.4439,-3.4576,65.21,78,64,3.71
395,Almansa,ES,2021-10-02 00:25:01,38.8692,-1.0971,64.06,64,96,1.61
396,Ipu,BR,2021-10-02 00:25:01,-4.3222,-40.7108,81.43,59,94,7.85
397,Conde,BR,2021-10-02 00:22:25,-7.2597,-34.9075,76.46,94,40,6.91
398,Golden,US,2021-10-02 00:25:03,39.7555,-105.2211,65.55,55,75,5.99
399,Lokoja,NG,2021-10-02 00:25:04,7.8024,6.743,73.44,93,96,2.98
400,Emba,KZ,2021-10-02 00:25:04,48.8264,58.1442,40.37,61,5,5.84
401,Kirkenaer,NO,2021-10-02 00:25:05,60.4564,12.0582,54.25,96,100,10.42
402,Beringovskiy,RU,2021-10-02 00:25:06,63.05,179.3167,27.82,66,4,4.36
403,Guerrero Negro,MX,2021-10-02 00:24:40,27.9769,-114.0611,79.23,57,0,12.37
404,Beian,NO,2021-10-02 00:25:06,63.6559,9.5683,62.56,77,0,11.5
405,Bismarck,US,2021-10-02 00:20:55,46.8083,-100.7837,68.81,59,1,4.61
406,Kastoria,GR,2021-10-02 00:25:07,40.5167,21.2667,47.79,90,44,0.6
407,Mwinilunga,ZM,2021-10-02 00:25:07,-11.7358,24.4293,66.94,61,82,3.04
408,Florence,IT,2021-10-02 00:25:08,43.7667,11.25,65.3,83,0,1.14
409,Ziro,IN,2021-10-02 00:25:08,27.6333,93.8333,57.97,96,79,1.41
410,Anadyr,RU,2021-10-02 00:25:09,64.75,177.4833,19.9,79,0,4.47
411,Ludvika,SE,2021-10-02 00:25:10,60.1496,15.1878,49.8,90,100,10.54
412,Lincoln,US,2021-10-02 00:20:58,40.8,-96.667,69.87,75,90,1.99
413,Minsk,BY,2021-10-02 00:23:30,53.9,27.5667,40.75,71,96,7.29
414,Raudeberg,NO,2021-10-02 00:25:11,61.9875,5.1352,56.19,69,81,10.0
415,Koshurnikovo,RU,2021-10-02 00:25:11,54.1667,93.3,31.1,99,100,3.27
416,Shache,CN,2021-10-02 00:25:12,38.4167,77.2406,65.23,29,0,9.46
417,Glendive,US,2021-10-02 00:25:12,47.1053,-104.7125,76.62,21,1,0.0
418,Mahajanga,MG,2021-10-02 00:25:13,-15.7167,46.3167,69.82,78,20,4.61
419,Klaksvik,FO,2021-10-02 00:25:13,62.2266,-6.589,49.12,93,100,14.94
420,Sabha,LY,2021-10-02 00:25:14,27.0377,14.4283,72.45,44,15,10.76
421,Saint-Francois,FR,2021-10-02 00:25:15,46.4154,3.9054,54.48,95,0,0.0
422,Mlandizi,TZ,2021-10-02 00:25:15,-6.7,38.7333,68.56,94,5,0.43
423,Soyo,AO,2021-10-02 00:25:16,-6.1349,12.3689,75.67,85,98,8.25
424,Mildura,AU,2021-10-02 00:25:17,-34.2,142.15,57.16,77,90,9.22
425,College,US,2021-10-02 00:24:58,64.8569,-147.8028,32.2,93,90,4.61
426,Kamina,CD,2021-10-02 00:25:17,-8.7386,24.9906,64.69,91,100,5.93
427,Frontera,MX,2021-10-02 00:25:18,26.9333,-101.45,79.95,68,75,12.66
428,Boa Vista,BR,2021-10-02 00:25:18,2.8197,-60.6733,84.18,70,75,8.05
429,Port Macquarie,AU,2021-10-02 00:25:19,-31.4333,152.9167,76.89,50,5,4.52
430,Pangoa,PE,2021-10-02 00:25:20,-12.1167,-73.0,75.72,66,22,2.86
431,Nkowakowa,ZA,2021-10-02 00:25:20,-23.8878,30.2871,57.25,68,61,2.8
432,Tornio,FI,2021-10-02 00:25:21,65.8481,24.1466,48.22,93,99,18.16
433,Policoro,IT,2021-10-02 00:25:21,40.2115,16.6726,66.88,71,8,2.04
434,Severnoye,RU,2021-10-02 00:25:22,56.3491,78.3619,31.42,95,91,8.57
435,Yara,CU,2021-10-02 00:25:24,20.2753,-76.9533,76.84,81,51,8.79
436,Louga,RU,2021-10-02 00:25:25,58.7372,29.8453,42.39,93,100,4.23
437,Sabang,ID,2021-10-02 00:25:26,5.8933,95.3214,80.8,71,86,5.61
438,Duku,NG,2021-10-02 00:25:28,11.2361,4.9073,75.36,86,100,4.85
439,Marsh Harbour,BS,2021-10-02 00:25:29,26.5412,-77.0636,81.64,69,33,16.13
440,Atlantic City,US,2021-10-02 00:22:16,39.3643,-74.4229,63.01,75,1,0.0
441,Vila Franca Do Campo,PT,2021-10-02 00:25:30,37.7167,-25.4333,70.21,90,70,4.07
442,Palu,ID,2021-10-02 00:25:31,-0.8917,119.8707,79.27,90,100,1.28
443,Waipawa,NZ,2021-10-02 00:25:32,-41.4122,175.5153,56.03,59,87,8.21
444,Vila Velha,BR,2021-10-02 00:20:14,-20.3297,-40.2925,75.15,88,75,8.05
445,Clarksdale,US,2021-10-02 00:25:32,34.2001,-90.5709,77.92,94,1,0.0
446,Hereford,GB,2021-10-02 00:25:33,52.0568,-2.7148,50.11,58,79,6.58
447,Carutapera,BR,2021-10-02 00:25:34,-1.195,-46.02,78.15,82,31,5.59
448,Markova,UA,2021-10-02 00:25:35,48.6758,24.4138,46.36,88,87,3.09
449,Lashio,MM,2021-10-02 00:25:36,22.9333,97.75,66.38,100,58,1.01
450,Husavik,IS,2021-10-02 00:25:37,66.0449,-17.3389,42.71,98,100,17.18
451,Hofn,IS,2021-10-02 00:25:39,64.2539,-15.2082,48.22,82,100,15.97
452,Kerman,IR,2021-10-02 00:25:39,30.2832,57.0788,55.26,22,0,0.0
453,Kismayo,SO,2021-10-02 00:25:40,-0.3582,42.5454,76.33,81,100,13.89
454,Nantucket,US,2021-10-02 00:25:41,41.2835,-70.0995,62.96,63,75,8.05
455,Douglas,US,2021-10-02 00:24:14,41.3,-96.167,70.68,77,1,1.99
456,Harper,LR,2021-10-02 00:25:42,4.375,-7.7169,76.98,89,49,6.8
457,Tiznit,MA,2021-10-02 00:25:42,29.5833,-9.5,80.96,12,0,2.28
458,South Lake Tahoe,US,2021-10-02 00:20:50,38.9332,-119.9844,72.25,22,1,8.05
459,Guerrero,MX,2021-10-02 00:25:43,17.6667,-100.0,71.19,93,97,0.49
460,Dicabisagan,PH,2021-10-02 00:25:44,17.0818,122.4157,81.59,85,100,5.97
461,Ossora,RU,2021-10-02 00:20:36,59.2353,163.0719,42.35,86,100,8.7
462,Olinda,BR,2021-10-02 00:25:45,-8.0089,-34.8553,78.53,83,75,9.22
463,Bambanglipuro,ID,2021-10-02 00:25:46,-7.95,110.2833,76.86,78,90,2.64
464,Davidson,US,2021-10-02 00:25:47,36.1501,-86.7833,78.37,71,1,4.0
465,Sassandra,CI,2021-10-02 00:25:48,4.95,-6.0833,75.79,93,76,3.36
466,Kedzierzyn-Kozle,PL,2021-10-02 00:25:50,50.3498,18.2261,52.77,71,17,7.18
467,Aitape,PG,2021-10-02 00:25:50,-3.1374,142.3475,76.78,93,100,6.62
468,Okakarara,NA,2021-10-02 00:25:51,-20.5833,17.4333,52.68,23,0,6.89
469,Jian,CN,2021-10-02 00:25:52,27.1172,114.9793,78.51,56,0,3.78
470,Atikokan,CA,2021-10-02 00:25:52,48.7555,-91.6216,63.03,96,100,0.6
471,Tautira,PF,2021-10-02 00:21:16,-17.7333,-149.15,82.42,76,28,19.13
472,Tshikapa,CD,2021-10-02 00:25:53,-6.4167,20.8,70.34,94,74,2.86
473,Codrington,AU,2021-10-02 00:21:06,-38.2667,141.9667,56.77,84,97,6.35
474,Darhan,MN,2021-10-02 00:25:54,49.4867,105.9228,41.65,87,100,5.32
475,Wahpeton,US,2021-10-02 00:25:54,46.2652,-96.6059,65.91,94,90,8.05
476,Coquimbo,CL,2021-10-02 00:23:16,-29.9533,-71.3436,55.13,87,0,9.22
477,Reyes,BO,2021-10-02 00:25:55,-14.3167,-67.3833,88.66,39,45,3.29
478,Sistranda,NO,2021-10-02 00:25:55,63.7256,8.834,59.9,77,98,7.14
479,Acajutla,SV,2021-10-02 00:25:56,13.5928,-89.8275,80.55,79,24,1.63
480,Longonjo,AO,2021-10-02 00:25:56,-12.9067,15.2533,62.96,74,39,2.66
481,Bogovarovo,RU,2021-10-02 00:25:57,58.9785,47.0246,44.17,95,100,4.25
482,Missoula,US,2021-10-02 00:25:58,47.0166,-113.8009,61.54,48,94,4.16
483,Ocean City,US,2021-10-02 00:25:58,39.2776,-74.5746,63.0,70,0,5.08
484,Lagoa,PT,2021-10-02 00:25:59,39.05,-27.9833,70.66,92,69,13.35
485,Siva,EG,2021-10-02 00:25:59,29.2041,25.5195,73.63,56,1,7.52
486,Coari,BR,2021-10-02 00:26:00,-4.085,-63.1414,73.99,96,94,2.64
487,Ormara,PK,2021-10-02 00:26:00,25.2088,64.6357,81.59,84,84,24.9
488,Conceicao Do Araguaia,BR,2021-10-02 00:26:01,-8.2578,-49.2647,80.19,57,73,2.84
489,Whitehorse,CA,2021-10-02 00:26:02,60.7161,-135.0538,47.17,52,75,18.99
490,Kosh-Agach,RU,2021-10-02 00:26:02,50.0,88.6667,17.13,83,66,2.33
491,Puquio,PE,2021-10-02 00:26:03,-14.7,-74.1333,53.44,56,15,5.99
492,Pahrump,US,2021-10-02 00:26:04,36.2083,-115.9839,85.44,8,0,3.0
493,Taunggyi,MM,2021-10-02 00:26:04,20.7833,97.0333,63.32,96,83,0.31
494,Samarai,PG,2021-10-02 00:26:05,-10.6167,150.6667,82.35,78,99,8.12
495,Guane,CU,2021-10-02 00:26:05,22.2025,-84.0875,78.33,79,25,2.62
496,Qasigiannguit,GL,2021-10-02 00:26:06,68.8193,-51.1922,28.65,77,96,3.04
497,Svencionys,LT,2021-10-02 00:26:06,55.15,26.1667,40.69,93,33,5.39
498,Broken Hill,AU,2021-10-02 00:26:07,-31.95,141.4333,58.71,63,23,8.05
499,Santa Rosa,PH,2021-10-02 00:26:07,14.3122,121.1114,86.09,78,100,1.25
500,Novo Aripuana,BR,2021-10-02 00:26:08,-5.1206,-60.3797,75.02,93,76,3.53
501,Ribas Do Rio Pardo,BR,2021-10-02 00:26:08,-20.4431,-53.7592,84.54,45,80,5.32
502,Manicore,BR,2021-10-02 00:26:09,-5.8092,-61.3003,76.06,88,84,1.99
503,Vao,NC,2021-10-02 00:26:09,-22.6667,167.4833,71.46,87,100,26.02
504,Machacamarca,BO,2021-10-02 00:26:10,-18.1667,-67.0333,55.38,42,65,12.5
505,Polyarnyye Zori,RU,2021-10-02 00:26:10,67.3661,32.4981,42.71,87,100,5.95
506,Sulangan,PH,2021-10-02 00:26:10,11.1373,123.7228,83.86,72,98,1.95
507,San Jose,US,2021-10-02 00:21:38,37.3394,-121.895,92.08,22,1,4.0
508,Kangaatsiaq,GL,2021-10-02 00:26:11,68.3065,-53.4641,34.5,68,60,3.94
509,Bara,NG,2021-10-02 00:26:12,10.3744,10.7288,74.71,92,96,8.08
510,Linjiang,CN,2021-10-02 00:26:12,41.8069,126.9078,54.39,64,32,0.49
511,Esperance,AU,2021-10-02 00:26:13,-33.8667,121.9,53.44,76,76,23.4
512,Tilichiki,RU,2021-10-02 00:26:13,60.4667,166.1,33.73,95,100,5.46
513,Fuxin,CN,2021-10-02 00:26:13,42.0156,121.6589,55.13,51,72,4.27
514,Khanu Woralaksaburi,TH,2021-10-02 00:26:05,16.0617,99.8606,76.71,93,53,4.03
515,Namtsy,RU,2021-10-02 00:26:14,62.7161,129.6658,28.51,64,100,2.84
516,Los Llanos De Aridane,ES,2021-10-02 00:26:15,28.6585,-17.9182,69.55,78,0,12.66
517,Strathmore,CA,2021-10-02 00:26:15,51.0501,-113.3852,62.2,30,4,3.0
518,Bengkulu,ID,2021-10-02 00:26:15,-3.8004,102.2655,76.46,84,100,3.0
519,Forestville,US,2021-10-02 00:20:31,38.8451,-76.875,63.54,82,1,6.91
520,Mallapuram,IN,2021-10-02 00:26:16,11.9667,78.25,72.86,94,98,1.86
521,Katsuura,JP,2021-10-02 00:26:17,35.1333,140.3,78.19,68,0,2.33
522,Belmonte,BR,2021-10-02 00:25:36,-15.8631,-38.8828,77.5,83,1,11.27
523,Luanda,AO,2021-10-02 00:17:03,-8.8368,13.2343,73.4,83,75,5.75
524,Paita,PE,2021-10-02 00:26:18,-5.0892,-81.1144,65.14,85,12,12.84
525,Patitirion,GR,2021-10-02 00:26:18,39.15,23.8667,60.37,62,61,27.56
526,Dongzhen,CN,2021-10-02 00:26:19,22.3797,110.9389,79.14,86,39,1.36
527,Bure,ET,2021-10-02 00:26:19,10.7,37.0667,57.06,97,100,2.57
528,Tripoli,LY,2021-10-02 00:26:20,32.8752,13.1875,73.94,67,1,3.22
529,Seymchan,RU,2021-10-02 00:26:20,62.8833,152.4333,33.13,100,100,2.42
530,Bilma,NE,2021-10-02 00:26:21,18.6853,12.9164,81.61,18,0,11.07
531,Arlit,NE,2021-10-02 00:26:21,18.7369,7.3853,84.34,15,0,10.65
532,Kapit,MY,2021-10-02 00:26:22,2.0167,112.9333,72.55,100,100,0.89
533,Mitsamiouli,KM,2021-10-02 00:20:52,-11.3847,43.2844,75.04,78,58,6.33
534,Karratha,AU,2021-10-02 00:26:23,-20.7377,116.8463,70.36,52,58,21.45
535,Yar-Sale,RU,2021-10-02 00:20:01,66.8333,70.8333,30.92,88,100,14.5
536,Evensk,RU,2021-10-02 00:26:24,61.95,159.2333,32.49,96,100,12.37
537,Mogadishu,SO,2021-10-02 00:24:55,2.0371,45.3438,77.52,84,99,16.62
538,Hervey Bay,AU,2021-10-02 00:19:34,-25.2986,152.8535,77.11,58,0,5.95
539,Shingu,JP,2021-10-02 00:26:25,33.7333,135.9833,74.39,51,0,5.23
540,Morogoro,TZ,2021-10-02 00:26:25,-6.8167,37.6667,66.34,91,14,2.33
541,Tura,IN,2021-10-02 00:20:12,25.5198,90.2201,73.56,91,18,1.39
542,Quelimane,MZ,2021-10-02 00:26:26,-17.8786,36.8883,71.55,88,0,2.3
543,Shimanovsk,RU,2021-10-02 00:26:26,52.0,127.7,38.71,54,7,5.17
544,Severo-Yeniseyskiy,RU,2021-10-02 00:26:27,60.3725,93.0408,29.43,96,100,3.51
545,Ranau,MY,2021-10-02 00:26:27,5.9538,116.6641,74.05,86,95,0.47
546,Geraldton,AU,2021-10-02 00:20:31,-28.7667,114.6,64.81,55,40,13.8
547,Talnakh,RU,2021-10-02 00:26:28,69.4865,88.3972,20.1,93,77,2.48
548,Dunedin,NZ,2021-10-02 00:25:54,-45.8742,170.5036,55.74,63,99,2.75
549,Yichun,CN,2021-10-02 00:26:29,47.7,128.9,42.73,60,37,1.41
550,Verkhnyaya Inta,RU,2021-10-02 00:26:29,65.9811,60.3094,34.75,86,100,7.14
551,Lazaro Cardenas,MX,2021-10-02 00:26:30,17.9583,-102.2,82.65,77,77,3.33
552,Iquitos,PE,2021-10-02 00:26:30,-3.7481,-73.2472,80.64,83,0,1.14
553,Mombetsu,JP,2021-10-02 00:26:31,44.3525,143.3525,59.86,100,75,4.61
554,Mocuba,MZ,2021-10-02 00:26:31,-16.8392,36.9856,69.39,87,1,3.04
555,Araouane,ML,2021-10-02 00:26:32,18.9048,-3.5265,92.14,19,100,1.92
556,Qaqortoq,GL,2021-10-02 00:20:24,60.7167,-46.0333,36.1,51,3,1.61
557,Koslan,RU,2021-10-02 00:26:32,63.4564,48.8989,43.21,94,100,4.7
558,Cockburn Town,TC,2021-10-02 00:26:33,21.4612,-71.1419,82.36,69,40,8.05
559,Hanmer Springs,NZ,2021-10-02 00:26:33,-42.5167,172.8167,58.6,53,91,2.86
560,Doha,QA,2021-10-02 00:26:34,25.2867,51.5333,89.58,40,0,5.75
561,Hurghada,EG,2021-10-02 00:26:34,27.2574,33.8129,77.04,53,0,12.66
562,Kurumkan,RU,2021-10-02 00:26:35,54.3,110.3,34.48,68,52,2.1
